https://goo.gl/11111,data 1,data 2,data 3
https://goo.gl/22222,data 1,data 2,data 3
https://goo.gl/33333,data 1,data 2,data 3
https://goo.gl/44444,data 1,data 2,data 3
https://goo.gl/55555,data 1,data 2,data 3
https://goo.gl/66666,data 1,data 2,data 3
https://goo.gl/77777,data 1,data 2,data 3
https://goo.gl/88888,data 1,data 2,data 3
https://goo.gl/99999,data 1,data 2,data 3
https://goo.gl/11111,data 1,data 2,data 3
https://goo.gl/22222,data 1,data 2,data 3
https://goo.gl/33333,data 1,data 2,data 3
https://goo.gl/44444,data 1,data 2,data 3
https://goo.gl/55555,data 1,data 2,data 3
https://goo.gl/66666,data 1,data 2,data 3
https://goo.gl/77777,data 1,data 2,data 3
https://goo.gl/88888,data 1,data 2,data 3
https://goo.gl/99999,data 1,data 2,data 3
https://goo.gl/11111,data 1,data 2,data 3
https://goo.gl/22222,data 1,data 2,data 3
https://goo.gl/33333,data 1,data 2,data 3
https://goo.gl/44444,data 1,data 2,data 3
https://goo.gl/55555,data 1,data 2,data 3
https://goo.gl/66666,data 1,data 2,data 3
https://goo.gl/77777,data 1,data 2,data 3
https://goo.gl/88888,data 1,data 2,data 3
https://goo.gl/99999,data 1,data 2,data 3
https://goo.gl/11111,data 1,data 2,data 3
https://goo.gl/22222,data 1,data 2,data 3
https://goo.gl/33333,data 1,data 2,data 3
https://goo.gl/44444,data 1,data 2,data 3
https://goo.gl/55555,data 1,data 2,data 3
https://goo.gl/66666,data 1,data 2,data 3
https://goo.gl/77777,data 1,data 2,data 3
https://goo.gl/88888,data 1,data 2,data 3
https://goo.gl/99999,data 1,data 2,data 3
https://goo.gl/11111,data 1,data 2,data 3
https://goo.gl/22222,data 1,data 2,data 3
https://goo.gl/33333,data 1,data 2,data 3
https://goo.gl/44444,data 1,data 2,data 3
https://goo.gl/55555,data 1,data 2,data 3
https://goo.gl/66666,data 1,data 2,data 3
https://goo.gl/77777,data 1,data 2,data 3
https://goo.gl/88888,data 1,data 2,data 3
https://goo.gl/99999,data 1,data 2,data 3
https://goo.gl/11111,data 1,data 2,data 3
https://goo.gl/22222,data 1,data 2,data 3
https://goo.gl/33333,data 1,data 2,data 3
https://goo.gl/44444,data 1,data 2,data 3
https://goo.gl/55555,data 1,data 2,data 3
https://goo.gl/66666,data 1,data 2,data 3
https://goo.gl/77777,data 1,data 2,data 3
https://goo.gl/88888,data 1,data 2,data 3
https://goo.gl/99999,data 1,data 2,data 3
